{
  "project_info": {
    "project_number": "148542520053",
    "firebase_url": "https://login-signup-realtime-2f0f8-default-rtdb.firebaseio.com",
    "project_id": "login-signup-realtime-2f0f8",
    "storage_bucket": "login-signup-realtime-2f0f8.appspot.com"
  },
  "client": [
    {
      "client_info": {
        "mobilesdk_app_id": "1:148542520053:android:a3d3a0b0849c44a225a3bc",
        "android_client_info": {
          "package_name": "com.example.loginsignup"
        }
      },
      "oauth_client": [],
      "api_key": [
        {
          "current_key": "AIzaSyCBJpz7_0HMUx0lnqHa0rzTgGT-PDtjtyE"
        }
      ],
      "services": {
        "appinvite_service": {
          "other_platform_oauth_client": []
        }
      }
    }
  ],
  "configuration_version": "1"
}